"Site Name","alachua","arboricola","arubae","barbosai","baueri","beckae","bermudensis","bickleyi","biguttatus","blantoni","butleri","chiopterus","copiosus","crepuscularis","debilipalpis","edeni","floridensis","furens","guttipennis","haematopotus","hinmani","hollensis","insignis","jamaicensis","jonesi","juddi","kirbyi","knowltoni","loisae","loughnani","mississippiensis","mulrennani","nanus","neopulicaris","oklahomensis","ousairani","pallidicornis","paraensis","pechumani","piliferus","pusillus","ryckmani","sanguisuga","sonorensis","spinosus","stellifer","stonei","torreryae","travisi","variipennis","venustus","villosipennis","lon","lat","year.mean.temp","mean.diurnal.range","isotherm","temp.seasonality","max.temp.warm.month","min.temp.cold.month","temp.annual.range","mean.temp.wet.quarter","mean.temp.dry.quarter","mean.temp.warm.quarter","mean.temp.cold.quarter","annual.precip","precip.wettest.month","precip.driest.month","precip.seasonality","precip.wettest.quarter","precip.driest.quarter","precip.warmest.quarter","precip.coldest.quarter","scores","sqrt.scores","heat"
"Eufaula National Wildlife Refuge",0,1,0,0,0,0,0,0,0,0,0,1,0,1,1,0,0,1,0,1,1,0,0,0,0,0,0,0,0,0,0,0,1,0,0,0,0,1,0,0,0,0,0,0,0,1,0,0,0,0,0,1,-85.0528623207421,31.991338315241,182,136,43,6674,331,17,314,108,189,264,93,1270,142,56,22,388,225,339,367,0.447239927521353,0.668759992464676,2
"Lowndes County Wildlife Management Area",1,1,0,0,1,0,0,0,0,0,0,0,0,1,1,0,0,0,1,1,1,0,0,0,0,0,0,0,0,0,0,0,1,0,0,0,0,1,1,0,0,0,0,0,0,1,0,0,0,0,1,1,-85.4324026667692,32.3469250447777,175,130,41,6869,324,11,313,99,183,260,83,1339,157,65,21,410,250,338,381,0.659987040772391,0.812395864571202,6
"Choctaw National Wildlife Refuge",0,1,0,0,0,0,0,0,0,0,0,0,0,1,1,0,0,0,0,1,1,0,0,0,0,0,0,0,0,0,0,0,1,0,0,0,0,1,0,0,0,0,0,0,0,1,0,0,0,0,1,0,-88.1836877933497,31.819569124804,181,142,43,6769,335,12,323,106,230,264,90,1501,172,79,20,458,281,357,437,0.669955574517655,0.818508139554919,5
"Upper Delta Wildlife Management Area",0,1,0,0,0,0,0,0,0,0,0,1,0,0,1,0,0,0,0,1,0,0,0,0,0,0,0,0,0,0,0,0,0,0,0,0,0,1,0,0,0,0,0,0,0,1,0,0,0,0,0,0,-87.9067560100335,31.1344272946242,189,132,43,6396,333,30,303,118,195,268,104,1591,171,77,18,447,309,440,422,0.67584277208497,0.822096571021294,4
"Mobile-Tensaw Delta Wildlife Management Area",0,1,0,0,1,0,0,0,0,0,0,1,0,0,1,0,0,1,0,1,1,0,0,0,0,0,0,0,0,0,0,0,0,0,0,0,0,0,0,0,0,0,0,0,0,1,0,0,0,0,0,0,-87.9548386098559,30.8084329599634,194,119,41,6320,328,41,287,266,154,271,110,1608,181,79,19,479,318,475,400,0.212457385176838,0.460930998281562,4
"Perdido River Wildlife Management Area",0,0,0,0,0,0,0,0,0,0,0,0,0,0,1,0,0,0,0,1,0,0,0,0,0,0,0,0,0,0,0,0,0,0,0,0,0,0,0,0,0,0,0,0,0,1,0,0,0,0,0,0,-87.5343613338932,30.7440161036653,193,119,41,6221,326,41,285,268,154,268,110,1604,180,87,19,491,317,491,394,0.503473842800144,0.709558907209362,4
"Blue Spring Wildlife Management Area",0,1,0,0,1,0,0,0,0,0,0,0,0,0,1,0,0,0,1,1,1,0,0,0,0,0,0,0,0,0,0,0,0,0,0,0,0,1,0,0,0,0,0,0,0,1,0,0,0,0,1,1,-86.5760041008545,31.134832067814,181,137,44,6433,326,20,306,260,188,260,95,1562,169,80,18,457,307,457,406,0.656956003695798,0.810528225107428,4
"Geneva State Forest Wildlife Management Area",0,1,0,0,0,1,0,0,0,0,0,0,0,0,0,0,0,0,0,1,0,0,1,0,0,0,0,0,1,0,0,0,0,0,0,0,0,0,0,0,0,0,0,0,0,1,0,0,0,0,0,0,-86.1810430836919,31.1479599313031,184,134,43,6441,329,24,305,263,190,263,98,1511,166,80,19,445,295,445,395,0.170412003150474,0.412809887418499,4
"Barbour Wildlife Management Area",0,1,0,0,0,0,0,0,0,0,0,0,0,0,1,0,0,0,1,1,1,0,0,0,0,0,0,0,0,0,0,1,1,0,0,0,0,0,0,0,0,0,0,0,0,1,0,0,0,0,1,1,-85.4569250705515,31.9992988950841,179,129,42,6705,324,17,307,103,186,261,88,1321,155,63,21,404,242,348,373,0.72725158516792,0.852790469674656,2
"Yates Lake West Wildlife Management Area",0,1,0,0,0,0,0,0,0,0,0,0,0,0,1,0,0,0,1,1,1,0,1,0,0,0,0,0,0,0,0,0,0,0,0,0,0,1,0,0,0,0,0,0,0,1,0,0,0,0,0,1,-85.9081160175195,32.6457524436384,169,131,41,6904,319,3,316,91,221,254,76,1446,172,73,21,450,274,346,419,0.464146175131595,0.681282742429012,8
"Coosa Wildlife Management Area",0,0,0,0,0,0,0,1,0,0,0,0,0,0,1,0,0,0,1,1,1,0,0,0,0,0,0,0,0,0,0,0,0,0,0,0,0,0,0,0,0,0,0,0,0,1,0,0,0,0,0,1,-86.3855401824132,32.8976693866019,167,134,41,7009,322,0,322,89,219,253,73,1429,166,74,20,442,277,335,414,0.67742807574902,0.823060189627113,6
"Hollins Wildlife Management Area",0,1,0,0,0,1,0,0,0,0,0,0,0,0,1,0,0,0,1,1,1,0,0,0,0,0,0,0,0,0,0,0,1,0,0,0,0,0,0,1,0,0,0,0,0,1,0,0,0,0,0,1,-86.1121317402233,33.157270632148,160,138,42,7060,318,-10,328,81,212,247,65,1469,174,80,20,455,285,345,419,0.820301823812962,0.905705152802479,5
"Cahaba River Wildlife Management Area",0,1,0,0,0,0,0,0,0,0,0,0,0,0,0,0,0,0,0,1,0,0,0,0,0,0,0,0,0,0,0,0,0,0,0,0,0,0,0,0,0,0,0,0,0,1,0,0,0,0,0,0,-86.989086427541,33.1448148941188,167,131,40,7177,325,-1,326,88,220,257,72,1476,166,78,19,451,276,348,425,0.568939219098449,0.754280597058183,6
"Oakmulgee Wildlife Management Area",0,1,0,0,0,0,0,0,0,0,0,0,0,1,1,0,0,0,1,1,0,0,0,0,0,0,0,0,0,0,0,0,0,0,0,1,0,1,0,0,0,0,0,0,0,1,0,0,0,0,0,1,-87.3793933272072,32.9439978038708,172,127,39,7151,327,6,321,93,224,261,77,1428,155,80,18,437,274,332,414,0.712403355253737,0.8440399014583,6
"David K. Nelson (Demopolis) Wildlife Management Area",0,1,0,0,0,0,0,0,0,0,0,0,0,1,1,0,0,0,1,1,1,0,0,0,0,0,0,0,0,0,0,0,0,1,0,0,0,1,0,0,0,0,0,0,0,1,0,0,0,0,0,1,-87.8136106411923,32.5343831860828,175,132,40,7058,331,7,324,97,228,262,81,1387,160,80,21,432,264,312,406,1.03435902134577,1.01703442485777,2
"Scotch Wildlife Management Area",0,1,0,0,0,1,0,0,0,0,0,0,0,0,1,0,0,0,1,1,1,0,0,0,0,1,0,0,0,0,0,0,0,0,0,0,0,0,0,0,0,0,0,0,0,1,0,0,0,0,1,1,-87.9154354059545,31.8526717403993,178,140,43,6785,333,11,322,103,228,262,88,1509,175,79,20,460,284,364,434,0.80095327472069,0.894959929114533,3
"Fred T. Stimpson Wildlife Management Area",0,1,0,0,1,0,0,0,0,0,0,0,0,0,1,0,0,1,1,1,1,0,0,0,0,0,0,0,0,0,0,0,1,1,0,0,0,1,0,0,0,0,0,1,0,1,0,0,0,0,1,1,-87.8684045324863,31.384862021366,184,139,44,6525,333,20,313,111,191,264,97,1564,173,77,19,459,298,406,434,0.994615904569678,0.997304318936641,3
"Boykin Wildlife Management Area",0,0,0,0,0,0,0,0,0,0,0,1,0,0,1,0,0,0,1,1,0,0,0,0,0,0,0,0,0,0,0,0,0,0,0,0,0,0,0,0,0,0,0,0,0,1,0,0,0,0,1,0,-88.1715829849715,31.1906709611025,186,134,43,6468,331,24,307,113,191,265,99,1598,171,79,18,450,313,431,427,0.680318765115792,0.824814382219292,3
"Grady Keith Property",0,1,0,0,0,0,0,0,0,0,0,0,0,1,1,0,0,0,1,1,1,0,0,0,0,0,0,0,0,0,0,0,1,0,0,1,0,1,0,0,0,0,0,0,0,1,0,0,0,0,0,0,-91.8182404049981,33.1999199385657,169,131,38,7577,334,-8,342,124,223,263,67,1395,143,81,17,396,264,296,390,0.723972692646523,0.850865848795521,4
"Daniels Preserve @ Spanish Creek",0,0,0,0,0,0,0,0,0,0,0,0,0,0,0,0,0,0,0,0,0,0,1,0,0,0,0,0,0,0,0,0,0,0,0,0,0,0,0,0,0,0,0,0,0,1,0,0,0,0,0,0,-81.6014023864314,26.7336976725335,227,125,53,3962,333,100,233,273,184,274,173,1311,233,41,63,633,138,575,148,-0.803083301492275,NA,1
"Alva Scrub Sanctuary",0,0,0,0,0,0,0,0,0,0,0,0,0,0,0,1,0,0,0,0,0,0,1,0,0,0,0,0,0,0,0,0,0,0,0,0,0,0,0,0,0,0,0,0,0,1,0,0,0,0,0,0,-81.6498079674911,26.7357757046323,228,124,53,3983,333,102,231,274,184,275,174,1310,231,40,63,634,136,581,147,-1.22027480994421,NA,1
"Bird Rookery Swamp",0,0,0,0,0,0,0,0,0,0,0,0,0,0,0,1,0,0,0,0,0,0,1,0,0,0,0,0,0,0,0,0,0,0,0,0,0,0,0,0,0,0,0,0,0,0,0,0,0,0,0,0,-81.6160861716938,26.3350587634336,231,118,53,3745,331,111,220,275,191,276,180,1329,235,37,67,646,129,610,138,-1.93875670015059,NA,0
"Flag Pond Preserve",0,0,0,0,0,0,0,0,0,0,0,0,0,0,0,0,0,0,0,0,0,0,1,0,0,0,0,0,0,0,0,0,0,0,0,0,0,0,0,0,0,0,0,0,0,0,0,0,0,0,0,0,-81.755336248935,26.5387499902311,232,117,52,3864,331,110,221,276,190,277,179,1343,234,38,67,658,131,623,142,-1.82285557345311,NA,1
"Gator Hole Preserve",0,0,0,0,0,0,0,0,0,0,0,0,0,0,0,0,0,1,0,0,0,0,1,0,0,0,0,0,0,0,0,0,0,0,0,0,0,0,0,0,0,0,0,0,0,0,0,0,0,0,0,0,-81.7202440154628,26.4586387869545,231,118,53,3801,330,111,219,274,190,275,179,1340,234,38,67,655,131,621,141,-1.98554940792303,NA,1
"Wild Turkey Strand",0,0,0,0,0,0,0,0,0,0,0,0,0,0,0,0,0,0,0,0,0,0,1,0,0,0,0,0,0,0,0,0,0,0,0,0,0,0,0,0,0,0,0,0,0,0,0,0,0,0,0,0,-81.6875066194817,26.5325975991885,231,119,53,3844,331,109,222,275,189,275,178,1336,235,38,66,653,131,612,141,-1.82285557345311,NA,1
"Pinelands Preserve",0,0,0,0,0,0,0,0,0,0,0,0,0,0,0,0,0,0,0,0,0,0,1,0,0,0,0,0,0,0,0,0,0,0,0,0,0,0,0,0,0,0,0,0,0,0,0,0,0,0,0,0,-82.4180008455631,27.1886021181612,225,115,50,4186,328,101,227,274,179,274,168,1308,226,39,60,615,168,615,188,-1.82285557345311,NA,0
"Cape Haze Management Area",0,0,0,0,0,0,0,1,0,0,0,0,0,0,0,0,0,1,0,0,0,0,0,0,0,0,0,0,0,0,0,0,0,0,0,0,0,0,0,0,0,0,0,0,0,0,0,0,0,0,0,0,-82.2202617367159,26.8464234699982,229,114,51,3997,330,109,221,275,185,276,175,1261,210,37,61,594,149,584,166,-0.842242146159713,NA,0
"Collier Seminole State Park",0,0,0,1,0,0,0,0,0,0,0,0,0,0,0,1,0,1,0,0,0,1,1,0,0,0,0,0,0,0,0,0,0,0,0,0,0,0,0,0,0,0,0,0,0,0,0,0,0,0,0,0,-81.715763399698,26.0053369077978,234,109,52,3584,328,120,208,275,196,277,186,1299,222,37,67,619,125,610,133,-2.7931583649643,NA,0
"Fisheating Creek",0,0,0,0,0,0,0,0,0,0,0,0,0,0,0,0,0,0,0,0,0,0,1,0,0,0,0,0,0,0,0,0,0,0,0,0,0,0,0,0,0,0,0,0,0,0,0,0,0,0,0,0,-81.3337500371278,26.9377657659369,225,129,53,4026,335,96,239,271,181,272,170,1244,216,42,59,585,140,526,150,-1.82285557345311,NA,1
"Infinity Aggregate",0,0,0,0,0,0,0,0,0,0,0,0,0,0,0,1,0,0,0,0,0,0,1,0,0,0,0,0,0,0,0,0,0,0,0,0,0,0,0,0,0,0,0,0,0,0,0,0,0,0,0,0,-81.6995807725793,26.9448604308824,226,126,54,4040,331,98,233,272,181,273,171,1285,220,43,60,610,142,562,156,-1.93875670015059,NA,0
"Lovers Key State Park",0,0,0,1,0,0,1,0,0,0,0,0,0,0,0,0,0,1,0,0,0,1,0,0,0,0,0,0,0,0,1,0,0,0,0,0,0,0,0,0,0,0,0,0,0,0,0,0,0,0,0,0,-81.8762915425865,26.4015622189397,233,114,52,3788,331,115,216,277,192,278,182,1329,224,39,67,645,131,629,143,-3.66505649403994,NA,1
"Ewenity Farm",0,1,0,0,1,0,0,0,0,0,0,0,0,1,0,1,1,1,1,1,0,0,1,0,0,0,0,1,0,0,0,0,0,0,0,0,0,0,0,0,1,0,0,1,0,1,0,0,0,0,0,0,-82.3209012704432,27.4292723209798,222,121,51,4303,329,93,236,272,175,272,164,1359,233,37,62,654,168,642,195,-0.213796394312438,NA,3
"Prairie River Ranch",0,0,0,0,0,0,0,0,0,0,0,0,0,1,1,1,0,0,0,1,1,0,1,0,0,0,0,1,0,0,0,0,0,0,0,0,0,0,0,0,0,0,0,0,0,0,0,0,0,0,0,0,-81.8151477114482,27.1003293724755,225,124,53,4087,330,97,233,271,180,272,169,1289,211,45,58,599,148,563,164,-0.418110988655478,NA,3
"Little Manatee River State Park",0,0,0,0,1,0,0,0,0,0,0,0,0,0,0,1,0,0,0,0,0,0,1,0,0,0,0,0,0,0,0,0,0,0,0,0,0,0,0,0,0,0,0,0,0,1,0,0,0,0,0,0,-82.3554289038641,27.6926595127397,223,112,48,4420,327,97,230,274,174,274,163,1256,212,37,58,580,164,580,196,-0.960678202220514,NA,4
"RV Griffin Reserve",0,0,0,0,0,0,0,0,0,0,0,0,0,1,0,1,0,1,0,1,0,0,1,0,0,0,0,1,0,0,0,0,0,0,0,0,0,1,0,0,0,0,0,0,0,1,0,0,0,0,0,0,-82.0435170739969,27.0767569649843,226,121,52,4112,330,100,230,273,181,274,170,1297,208,41,60,613,153,584,172,-0.691236373686407,NA,3
"BR Bar Ranch",0,0,0,0,0,0,0,0,0,0,0,0,0,0,0,1,0,0,0,0,0,0,1,0,0,0,0,1,0,0,0,0,0,0,0,0,0,0,0,0,1,0,0,0,0,0,0,0,0,0,0,0,-81.1365752778589,26.1060213029234,232,115,53,3557,329,116,213,272,194,274,183,1345,247,38,64,639,133,583,133,-1.69689931631344,NA,2
"Prairie Shell Creek",0,1,0,0,0,0,0,0,0,0,0,0,0,0,0,0,0,1,0,0,0,0,1,0,0,0,0,0,0,0,0,0,0,0,0,0,0,0,0,0,0,0,0,0,0,0,0,0,0,0,0,0,-81.964835429282,26.9189867628858,228,120,52,4060,332,104,228,275,183,276,173,1261,211,37,61,604,144,566,161,-1.0259589867733,NA,0
"Paynes Creek Historic State Park",0,0,0,0,1,0,0,0,0,0,0,0,0,1,0,0,0,0,0,0,0,0,1,0,0,0,0,0,0,0,0,0,0,0,0,0,1,0,0,0,0,0,0,0,0,0,0,0,0,0,0,0,-81.8114710690646,27.6216569206397,224,128,53,4293,335,94,241,274,176,274,166,1274,208,47,57,590,156,545,183,-0.572687657179005,NA,0
"FFA 480 Land Lab",0,0,0,0,0,0,0,0,0,0,0,0,0,0,0,0,0,0,0,0,0,0,1,0,0,0,0,0,0,0,0,0,0,0,0,0,0,0,0,0,0,0,0,0,0,1,0,0,0,0,0,0,-81.1057108481574,26.7272924936772,228,122,53,3887,331,103,228,272,185,273,174,1220,208,39,57,559,137,503,142,-0.803083301492275,NA,2
"McDaniel Ranch",0,0,0,0,0,0,0,0,0,0,0,0,0,0,0,1,0,0,0,0,0,0,1,0,0,0,0,1,0,0,0,0,0,0,0,0,0,0,0,0,0,0,0,0,0,0,0,0,0,0,0,0,-81.0430334304465,26.3985697816966,229,120,54,3666,330,108,222,271,179,272,179,1328,237,39,60,617,141,553,141,-1.7583227779503,NA,2
"Prairie Pines Reserve",0,0,0,0,0,0,0,0,0,0,0,0,0,1,0,1,0,0,0,0,0,0,1,0,0,0,0,0,0,0,0,0,0,0,0,0,0,0,0,0,0,0,0,0,0,0,0,0,0,0,0,0,-81.8760288834039,26.7351693405091,230,118,52,3931,332,109,223,276,187,276,177,1314,224,40,65,639,136,605,151,-1.20883344308649,NA,1
"Flaghole",0,0,0,0,0,0,0,0,0,0,0,0,0,0,0,0,0,0,0,0,0,0,1,0,0,0,0,0,0,0,0,0,0,0,0,0,0,0,0,0,0,0,0,0,0,0,0,0,0,0,0,0,-81.08237654898,26.6788408490712,228,122,53,3847,331,104,227,271,186,272,174,1238,213,38,57,567,138,506,142,-1.82285557345311,NA,2
"Nancy Peyton Preserve",0,0,0,0,0,0,0,0,0,0,0,0,0,0,0,0,0,0,0,0,0,0,1,0,0,0,0,0,0,0,0,0,0,0,0,0,0,0,0,0,0,0,0,0,0,0,0,0,0,0,0,0,-81.6666364817994,26.1982406635992,233,115,53,3670,330,114,216,274,193,276,182,1324,230,37,67,640,127,618,136,-1.82285557345311,NA,0
"Deer Prairie Creek Preserve",0,0,0,0,0,0,0,0,0,0,0,0,0,0,0,1,0,0,0,0,0,0,1,0,0,0,0,0,0,0,0,0,0,0,0,0,0,0,0,0,0,0,0,0,0,0,0,0,0,0,0,0,-82.290932229578,27.0025143857155,227,115,51,4069,329,106,223,274,183,275,172,1273,214,39,60,593,157,588,175,-1.93875670015059,NA,0
"Williams Farms",0,0,0,0,1,0,0,0,0,0,0,0,0,1,0,1,0,0,0,0,0,0,1,0,0,0,0,1,0,0,0,0,0,0,0,0,0,0,0,0,0,0,0,0,0,0,0,0,0,0,0,0,-81.7769509442143,27.0368136291325,225,125,53,4075,331,98,233,272,180,273,170,1281,214,44,60,601,146,560,161,-1.04116872837173,NA,0
"Adams Ranch",0,0,0,0,0,0,0,0,0,0,0,0,0,1,0,1,0,0,0,0,0,0,1,0,0,0,0,0,0,0,0,0,0,0,0,0,0,0,0,0,0,0,0,0,0,0,0,0,0,0,0,0,-80.5904635844885,27.4334453727183,227,110,50,3851,326,109,217,272,186,272,174,1262,173,48,45,496,167,496,170,-1.20883344308649,NA,0
"E & D Ranch",0,0,0,1,1,0,0,0,0,0,0,0,0,1,1,1,0,0,0,1,0,0,1,0,0,0,0,0,0,0,0,0,0,0,0,0,0,0,0,0,1,0,0,0,0,1,0,0,0,0,0,0,-81.8490513666421,27.321571184306,223,125,53,4170,329,94,235,271,177,271,166,1300,207,49,57,595,154,562,174,-0.787308775593108,NA,3
"Caloosahatchee Creeks Preserve",0,0,0,0,0,0,0,0,0,0,0,0,0,0,0,1,0,1,0,0,0,0,1,0,0,0,0,0,0,0,0,0,0,0,0,0,0,0,0,0,0,0,0,0,0,0,0,0,0,0,0,0,-81.8054056187615,26.7158099898067,230,119,53,3952,332,108,224,276,187,276,177,1323,229,40,65,646,134,607,148,-2.00858554756471,NA,1
"Picayune Strand State Forest",0,0,0,0,0,0,0,0,0,0,0,0,0,0,0,1,0,1,0,0,0,0,1,0,0,0,0,0,0,0,0,0,0,0,0,0,0,0,0,0,0,0,0,0,0,0,0,0,0,0,0,0,-81.5366935181497,26.0423251762863,233,111,52,3609,328,118,210,274,195,276,184,1325,236,37,68,638,125,612,130,-2.00858554756471,NA,0
"Moya Sanctuary",0,0,0,0,0,0,0,0,0,0,0,0,0,0,0,0,0,0,0,0,0,0,1,0,0,0,0,0,0,0,0,0,0,0,0,0,0,0,0,0,0,0,0,0,0,0,0,0,0,0,0,0,-81.5491662948905,26.790430922131,227,127,53,3998,334,98,236,273,183,274,173,1295,231,41,62,621,139,558,148,-1.82285557345311,NA,1
"Bright Hour Ranch",0,0,0,0,0,0,0,0,0,0,0,0,0,1,0,1,0,0,0,0,0,0,1,0,0,0,0,0,0,0,0,0,0,0,0,0,0,0,0,0,0,0,0,0,0,0,0,0,0,0,0,0,-81.7446280306098,27.216641922972,223,126,53,4132,330,94,236,271,177,272,167,1279,208,46,57,587,149,552,166,-1.20883344308649,NA,3
"Alafia River State Park",0,0,0,0,1,0,0,0,0,0,0,0,0,1,0,1,0,0,0,1,1,0,1,0,0,0,0,1,0,0,0,0,0,0,0,0,0,0,0,0,1,0,0,0,0,1,0,0,0,0,0,0,-82.1377568294016,27.7764864194308,223,119,50,4393,330,96,234,274,174,274,163,1262,202,40,56,586,163,561,194,-0.566825665244815,NA,4
"Longino Ranch",0,1,0,0,1,0,0,0,0,0,0,0,0,1,0,1,0,0,0,1,0,0,1,0,0,0,0,1,0,0,0,0,0,0,0,0,0,0,0,0,0,0,0,1,0,1,0,0,0,0,0,0,-82.0794241039337,27.1121328169145,225,122,52,4119,330,99,231,272,180,273,169,1307,210,41,61,619,154,592,174,0.102262771219854,0.319785508145466,0
"Tiger Bay State Forest",0,0,0,0,0,0,0,0,0,0,0,0,0,0,0,0,0,0,0,1,0,0,1,0,0,0,0,0,0,0,0,0,0,0,0,0,0,0,0,0,0,0,0,0,0,0,0,0,0,0,0,0,-81.1698412012678,29.159061180191,212,112,45,4824,325,79,246,269,159,269,147,1295,174,62,41,507,194,497,214,-0.612974371076238,NA,0
"Six-Mile Cypress Slough Preserve",0,0,0,0,0,0,0,0,0,0,0,0,0,0,0,0,0,0,0,0,0,0,1,0,0,0,0,0,0,0,0,0,0,0,0,0,0,0,0,0,0,0,0,0,0,0,0,0,0,0,0,0,-80.7902535884885,26.6074595382758,229,118,53,3670,330,110,220,271,178,272,178,1306,206,42,55,572,148,537,148,-1.82285557345311,NA,1
"Medusa Grove",0,1,0,1,1,0,0,0,0,0,0,0,0,0,0,1,0,0,0,0,0,0,1,0,0,0,0,1,0,0,0,0,0,0,0,0,0,0,0,0,0,0,0,0,0,1,0,0,0,0,0,0,-81.2097182210115,26.747785989813,227,125,53,3933,333,100,233,272,184,273,173,1243,218,40,59,579,138,516,144,-1.08887553656175,NA,2
"Aucilla Wildlife Management Area (Sneads Lake)",0,0,0,0,0,0,0,0,0,0,0,0,0,0,0,0,0,0,0,0,0,0,0,0,0,0,0,0,0,0,0,0,0,0,0,0,0,0,0,0,0,0,0,0,0,1,0,0,0,0,0,0,-83.7151091493987,30.5941285072249,195,134,46,5948,331,41,290,268,157,268,115,1374,171,63,26,464,240,464,337,0.216688970468561,0.465498625635523,0
"Lake Talquin State Forest (Tract 3)",0,0,0,0,0,0,0,0,0,0,0,0,0,0,0,0,0,0,0,0,0,0,0,0,0,0,0,0,0,0,0,0,0,0,0,0,0,0,0,0,0,0,0,0,0,1,0,0,0,0,0,0,-84.5174190404579,30.4677057244491,195,130,45,5991,328,41,287,268,158,268,115,1489,191,75,26,503,263,503,351,0.216688970468561,0.465498625635523,3
"Charlotte Flatwoods Environmental Park",0,0,0,0,0,0,0,0,0,0,0,0,0,0,0,0,0,1,0,1,0,0,1,0,0,0,0,1,0,0,0,0,0,0,0,0,0,0,0,0,0,0,0,0,0,0,0,0,0,0,0,0,-81.9577684757695,26.8025207802274,230,118,52,4002,332,107,225,276,186,277,175,1283,216,38,64,621,139,588,155,-1.19291172952379,NA,0
"Green Swamp Wildlife Management Area (West Unit)",0,0,0,0,0,0,0,0,0,0,0,0,0,1,0,0,0,0,0,0,0,0,1,0,0,0,0,0,0,0,0,0,0,0,0,0,0,0,0,0,0,0,0,0,0,0,0,0,0,0,0,0,-82.0903802499247,28.381884915567,220,123,50,4549,331,87,244,273,195,273,158,1325,201,52,49,578,179,578,221,-0.785921251205702,NA,0
"Highlands Hammock State Park",0,1,0,0,0,0,0,0,0,0,0,0,0,0,1,1,1,0,0,1,1,0,1,0,0,0,0,0,0,0,0,0,0,0,0,0,1,1,0,0,0,0,0,0,0,1,0,0,0,0,0,0,-81.5373761127922,27.4721633864453,223,130,53,4239,335,90,245,272,176,273,165,1223,205,42,57,564,149,518,169,-0.141509041992647,NA,0
"Potts Preserve Wildlife Management Area",0,0,0,0,0,0,0,0,0,0,0,0,0,0,1,0,0,0,0,0,0,0,0,0,0,0,0,0,0,0,0,0,0,0,0,0,0,0,0,0,0,0,0,0,0,1,0,0,0,0,0,0,-82.3287801909924,28.9225519134597,211,133,50,4946,331,68,263,270,183,270,145,1348,200,53,46,572,187,572,239,0.456757348549898,0.675838256204766,3
"Ocala National Forest (Lake Delancy)",0,0,0,0,0,0,0,0,0,0,0,0,0,0,0,0,0,0,0,1,0,0,0,0,0,0,0,0,0,0,0,0,1,0,0,0,0,0,0,0,0,0,0,0,0,0,0,0,0,0,0,0,-81.7860888722412,29.426951330129,207,123,46,5102,328,66,262,268,150,268,139,1312,178,57,40,519,204,519,237,0.794207891195303,0.891183421746221,0
"Ocala National Forest (Lake Eaton)",0,1,0,0,0,0,0,0,0,0,0,0,0,0,0,0,0,0,0,1,0,0,0,0,0,0,0,0,0,0,0,0,0,0,0,0,0,0,0,0,0,0,0,0,0,0,0,0,0,0,0,0,-81.8637767755829,29.2448380161998,209,127,48,5013,329,67,262,269,180,269,141,1302,181,56,40,520,200,520,234,0.745064343413393,0.86317109741545,0
"Ocala National Forest",0,0,0,0,0,0,0,0,0,0,0,0,0,0,0,0,0,0,0,0,0,0,1,0,0,0,0,0,0,0,0,1,0,0,0,0,0,0,0,0,0,0,0,0,0,1,0,0,0,0,1,0,-81.673119966769,29.1072435088683,210,123,47,4960,328,71,257,269,155,269,143,1284,178,56,41,514,196,514,228,-0.124154784522772,NA,0
"Myakka State Forest",0,0,0,0,0,0,0,0,0,0,0,0,0,1,0,1,1,1,0,1,0,0,1,0,0,0,0,1,0,0,0,0,0,0,0,0,0,0,0,0,0,0,0,0,0,0,0,0,0,0,0,0,-82.2847106880474,26.9664176962239,228,114,51,4075,329,106,223,275,183,275,172,1266,212,38,60,589,157,585,174,-1.08737854691841,NA,0
"Manatee Springs State Park",0,0,0,0,0,0,0,0,0,0,0,0,0,0,1,0,1,0,0,1,1,0,0,0,0,0,0,0,0,0,0,0,0,0,0,0,0,0,0,0,0,0,0,0,0,1,0,0,0,0,0,0,-82.964695825373,29.3968324106048,205,135,49,5281,329,55,274,267,175,267,133,1037,159,38,44,427,159,427,226,0.255501831632405,0.505471890051668,1
"Okaloacoochee Slough State Forest",0,0,0,0,0,0,0,0,0,0,0,0,0,1,0,1,1,0,0,1,0,0,1,0,0,0,0,1,0,0,0,0,0,0,0,0,0,0,0,0,0,0,0,0,0,0,0,0,0,0,0,0,-81.3280482357648,26.5662356638463,228,125,54,3852,332,103,229,272,186,273,175,1306,239,39,62,624,138,552,143,-0.910567764339325,NA,2
"Catfish Creek State Park",0,0,0,0,0,0,0,0,0,0,0,0,0,0,0,0,1,0,0,0,1,0,1,0,0,0,0,0,0,0,0,0,0,0,0,0,0,0,0,0,0,0,0,0,0,0,0,0,0,0,0,0,-81.5764395530856,28.0323858491582,223,127,52,4307,334,90,244,273,175,273,164,1222,186,39,52,546,166,546,188,-0.685255981230505,NA,0
"Kissimmee Prairie Preserve State Park",0,0,0,0,0,0,0,0,0,0,0,0,0,0,0,0,0,0,0,0,0,0,1,0,0,0,0,0,0,0,0,0,0,0,0,0,0,0,0,0,0,0,0,0,0,0,0,0,0,0,0,0,-81.0228879051297,27.5830022564168,224,123,52,4111,331,96,235,271,178,272,167,1224,188,44,54,546,146,514,161,-1.82285557345311,NA,0
"O'Leno State Park",0,1,0,0,0,0,0,0,0,0,0,0,0,0,1,0,0,0,0,1,0,0,1,0,0,0,0,0,0,0,0,0,0,0,0,1,0,0,0,0,0,0,0,0,0,1,0,0,0,0,0,0,-82.5836002885278,29.916508304893,203,137,48,5478,332,49,283,268,170,268,128,1312,197,52,41,538,191,538,275,0.257446595227819,0.507391954240328,1
"San Felasco Hammock State Park",0,0,0,0,0,0,0,0,0,0,0,0,0,0,0,0,0,0,0,0,0,0,1,0,0,0,0,0,0,0,0,0,0,0,0,0,0,0,0,0,0,0,0,0,0,1,0,0,0,0,0,0,-82.460523308599,29.7148011220069,204,133,48,5363,329,54,275,268,172,268,131,1333,202,55,41,547,190,547,277,-0.803083301492275,NA,3
"Lopez Farm",0,1,0,0,1,0,0,0,0,0,0,0,0,0,0,0,0,0,0,0,0,0,1,0,0,0,0,0,0,0,0,0,0,0,0,0,0,0,0,0,0,0,0,0,0,1,0,0,0,0,0,0,-81.5635018636465,28.1022924814805,223,125,51,4355,334,91,243,274,175,274,164,1213,182,38,51,538,166,538,188,-0.22370828162696,NA,0
"Urbieta Farm",0,0,0,0,0,0,0,0,0,0,0,0,0,0,0,0,0,0,0,0,0,0,1,0,0,0,0,0,0,0,0,0,0,0,0,0,0,0,0,0,0,0,0,0,0,0,0,0,0,0,0,0,-81.8800584247378,28.516375052015,218,123,50,4618,330,85,245,272,193,272,155,1276,187,50,49,553,173,553,216,-1.82285557345311,NA,0
"Powell Creek Preserve",0,0,0,0,0,0,0,0,0,0,0,0,0,0,0,0,0,0,0,0,0,0,1,0,0,0,0,0,0,0,0,0,0,0,0,0,0,0,0,0,0,0,0,0,0,0,0,0,0,0,0,0,-81.8691410590762,26.690399261022,231,117,52,3966,331,110,221,277,188,277,177,1329,227,40,66,651,134,620,148,-1.82285557345311,NA,1
"Babcock Ranch",0,0,0,0,0,0,0,0,0,0,0,0,0,0,0,0,0,0,0,0,0,0,1,0,0,0,0,0,0,0,0,0,0,0,0,0,0,0,0,0,0,0,0,0,0,0,0,0,0,0,0,0,-80.6895915796493,26.8667940551014,228,116,53,3710,328,110,218,270,187,271,177,1246,191,45,52,530,150,503,152,-1.82285557345311,NA,0
"Hickey's Creek Mitigation Park",0,0,0,0,0,0,0,0,0,0,0,0,0,0,0,0,0,0,0,0,0,0,1,0,0,0,0,0,0,0,0,0,0,0,0,0,0,0,0,0,0,0,0,0,0,0,0,0,0,0,0,0,-81.6565230204792,26.6988048761101,229,123,53,3970,332,103,229,274,185,275,175,1318,233,40,64,640,136,588,146,-1.82285557345311,NA,1
"Hillsboro Pineland",0,0,0,0,0,0,0,0,0,0,0,0,0,0,0,0,0,0,0,0,0,0,1,0,0,0,0,0,0,0,0,0,0,0,0,0,0,0,0,0,0,0,0,0,0,0,0,0,0,0,0,0,-81.2000838909107,26.317052975721,230,120,54,3723,330,109,221,273,190,274,179,1333,244,38,63,635,135,571,138,-1.82285557345311,NA,0
"Pop Ash Creek Preserve",0,0,0,0,0,0,0,0,0,0,0,0,0,0,0,0,0,0,0,0,0,0,1,0,0,0,0,0,0,0,0,0,0,0,0,0,0,0,0,0,0,0,0,0,0,0,0,0,0,0,0,0,-81.8038796367851,26.758927284282,230,120,52,3988,332,105,227,276,186,276,175,1312,226,41,64,637,136,597,150,-1.82285557345311,NA,1
"Railhead Scrub Preserve",0,0,0,0,0,0,0,0,0,0,0,0,0,0,0,0,0,1,0,0,0,0,1,0,0,0,0,0,0,0,0,0,0,0,0,0,0,0,0,0,0,0,0,0,0,0,0,0,0,0,0,0,-81.7890071575411,26.3028794021489,233,115,53,3735,331,115,216,276,192,277,182,1324,225,38,67,641,130,624,140,-1.98554940792303,NA,0
"Myakka River State Park",0,0,0,0,0,0,0,0,0,0,0,0,0,0,0,0,0,0,0,0,0,0,1,0,0,0,0,0,0,0,0,0,0,0,0,0,0,0,0,0,0,0,0,0,0,0,0,0,0,0,0,0,-82.2879440773724,27.2431109847419,225,123,52,4174,331,96,235,273,178,273,168,1394,242,40,63,674,169,660,192,-1.82285557345311,NA,0
"Koreshan State Historic Site",0,0,0,0,0,0,0,0,0,0,0,0,0,0,0,0,0,1,0,0,0,0,0,0,0,0,0,0,0,0,0,0,0,0,0,0,0,0,0,0,0,0,0,0,0,0,0,0,0,0,0,0,-81.8180517040298,26.43478469377,232,115,52,3785,330,113,217,275,191,276,181,1335,228,38,67,651,130,629,141,-2.14824324239295,NA,1
"John Pennekamp Coral Reef State Park",0,0,0,1,0,0,0,0,0,0,0,0,0,0,0,0,0,1,0,0,0,0,0,0,0,0,0,0,0,0,0,0,0,0,0,0,0,0,0,0,0,0,0,0,0,0,0,0,0,0,0,0,-80.406344210516,25.1240059698418,244,79,48,2985,320,157,163,272,203,280,203,1251,220,40,56,475,141,429,141,-2.71171305570979,NA,0
"Dinner Island Ranch Wildlife Management Area",0,0,0,0,0,0,0,0,0,0,0,0,0,0,0,1,0,0,0,0,0,0,1,0,0,0,0,1,0,0,0,0,0,0,0,0,0,0,0,0,1,0,0,0,0,0,0,0,0,0,0,0,-81.1914187040863,26.4878120385261,228,124,54,3774,331,104,227,272,188,273,177,1312,240,38,61,621,139,548,142,-1.69689931631344,NA,2
"Hungryland Wildlife and Environmental Area",0,0,0,0,0,0,0,0,0,0,0,0,0,0,0,1,0,0,0,0,0,0,1,0,0,0,0,0,0,0,0,0,0,0,0,0,0,0,0,0,0,0,0,0,0,0,0,0,0,0,0,0,-80.3108642633648,26.9697487916487,231,108,51,3562,326,118,208,273,182,273,182,1387,192,57,44,519,186,519,186,-1.93875670015059,NA,0
"River Ridge Plantation",0,0,0,0,0,0,0,0,1,0,0,0,0,0,0,0,0,1,1,1,0,0,0,0,0,0,0,0,0,0,0,0,0,0,0,0,0,0,0,0,0,0,0,0,1,0,0,0,0,0,0,0,-84.2971028498333,30.613383519301,195,132,45,6016,331,39,292,268,157,268,114,1446,180,69,25,478,258,478,354,0.134912065204722,0.367303777825279,3
"Yucca Pens",0,0,0,0,0,0,0,0,0,0,0,0,0,0,0,1,0,1,0,0,0,0,1,0,0,0,0,0,0,0,0,0,0,0,0,0,0,0,0,0,0,0,0,0,0,0,0,0,0,0,0,0,-81.9706676159098,26.7688069212545,230,117,52,3978,332,108,224,276,186,276,176,1292,217,38,64,625,139,595,155,-2.00858554756471,NA,1
"Deep Creek Property",0,0,0,0,0,0,0,0,0,0,0,0,0,0,0,0,0,1,0,0,0,0,0,0,0,0,0,0,0,0,0,0,0,0,0,0,0,0,0,0,0,0,0,0,0,0,0,0,0,0,0,0,-81.8830885716315,26.8372995332794,229,120,52,3989,332,105,227,275,185,276,175,1287,219,39,63,621,140,582,155,-2.14824324239295,NA,0
"Delnor-Wiggins Pass State Park",0,0,0,1,0,0,1,0,0,0,0,0,0,0,0,0,0,1,0,0,0,0,1,0,0,0,0,0,0,0,0,0,0,0,0,0,0,0,0,0,0,0,0,0,0,0,0,0,0,0,0,0,-81.82,26.2799500233932,233,114,53,3720,330,116,214,276,193,277,182,1317,222,38,67,635,130,623,140,-2.97792110184077,NA,0
"Peleaz and Sons Ranch",0,0,0,0,0,0,0,0,0,0,0,0,0,0,0,0,0,0,0,0,0,0,1,0,0,0,0,1,0,0,0,0,0,0,0,0,0,0,0,0,0,0,0,0,0,0,0,0,0,0,0,0,-80.9505461655554,27.2825285537548,225,120,52,3989,330,101,229,271,182,272,171,1180,185,42,54,528,140,495,150,-1.61015525350142,NA,0
"Corkscrew Swamp Sanctuary",0,0,0,0,0,0,0,0,0,0,0,0,0,0,0,0,0,0,0,0,0,0,1,0,0,0,0,0,0,0,0,0,0,0,0,0,0,0,0,0,0,0,0,0,0,0,0,0,0,0,0,0,-81.5966954686814,26.3894957678041,231,119,53,3808,331,109,222,275,190,276,179,1331,237,37,66,648,130,606,138,-1.82285557345311,NA,0
"Immokalee Groves",0,0,0,0,0,0,0,0,0,0,0,0,0,1,0,1,0,0,0,0,0,0,1,0,0,0,0,0,0,0,0,0,0,0,0,0,0,0,0,0,0,0,0,0,0,0,0,0,0,0,0,0,-81.476034008373,26.5065673620252,229,123,54,3842,332,105,227,273,187,274,177,1323,240,38,64,641,134,581,141,-1.20883344308649,NA,0
"Joe's Creek Management Area",0,0,0,0,0,0,0,0,0,0,0,0,0,0,0,1,0,1,0,0,0,0,0,0,0,0,0,0,0,0,1,0,0,0,0,0,0,0,0,0,0,0,0,0,0,0,0,0,0,0,0,0,-82.746254917895,27.8293476151423,224,96,44,4564,324,106,218,277,174,277,162,1241,212,40,54,570,178,536,202,-2.59150079747666,NA,0
"T. Mabry Carlton Reserve",0,0,0,0,0,0,0,0,0,0,0,0,0,0,0,1,0,0,0,1,0,0,1,0,0,0,0,0,0,0,0,0,0,0,0,0,0,0,0,0,0,0,0,0,0,0,0,0,0,0,0,0,-82.2917332754078,27.1475025990895,225,120,52,4095,330,100,230,272,180,273,169,1336,229,40,61,633,165,625,185,-1.09353552300018,NA,0
"Wekiwa Springs State Park",0,0,0,0,0,0,0,0,0,0,0,0,0,0,0,1,0,0,0,1,0,0,1,0,0,0,0,0,0,0,0,0,0,0,0,0,0,0,0,0,0,0,0,0,0,1,0,1,0,0,1,0,-81.4740798592088,28.7301792231283,217,116,47,4688,329,85,244,272,164,272,153,1257,185,51,46,523,170,523,205,-0.514351452125488,NA,0
"Paynes Prairie Preserve State Park",1,1,0,0,0,0,0,0,0,0,0,0,0,0,0,0,1,0,0,0,0,0,0,0,0,0,0,0,0,0,0,0,0,0,0,0,0,0,0,0,0,0,0,0,1,1,0,0,0,0,0,0,-82.2883752849117,29.5330762891841,205,129,48,5233,328,60,268,267,175,267,134,1338,195,57,41,544,192,544,269,0.152979097820005,0.391125424665803,3
"Charlotte Harbor Preserve State Park",0,0,0,1,0,0,1,0,0,0,0,0,0,0,0,1,0,1,0,0,0,0,1,0,0,0,0,0,0,0,0,0,0,0,0,0,0,0,0,0,0,0,0,0,0,0,0,0,0,0,0,0,-82.0811455117158,26.6796984447982,231,114,52,3913,331,112,219,276,188,277,178,1292,213,38,64,621,140,604,155,-2.79326844684223,NA,0
"Spirit of the Wild Wildlife Management Area",0,0,0,0,0,0,0,0,0,0,0,0,0,1,0,0,0,0,0,0,0,0,1,0,0,0,0,1,0,0,0,0,0,0,0,0,0,0,0,0,0,0,0,0,0,0,0,0,0,0,0,0,-81.407897717556,26.622538919591,227,126,54,3842,332,101,231,271,185,272,175,1302,237,39,62,625,137,555,143,-0.989765811987043,NA,2
"Bayard Conservation Area",0,1,0,0,0,0,0,0,0,0,0,0,0,0,0,0,0,0,0,1,0,0,1,0,0,0,0,0,0,0,0,0,0,0,0,0,0,0,0,0,0,0,0,0,1,1,0,0,0,0,0,0,-81.6371983964736,29.9570567843634,206,115,43,5345,328,66,262,268,146,270,134,1282,180,56,40,510,201,497,233,0.0280209875906028,0.16739470598141,2
"Homosassa Springs State Park",0,0,0,0,0,0,0,0,0,0,0,0,0,0,0,0,0,1,0,0,0,0,0,0,0,0,0,0,0,0,0,0,0,0,0,0,0,0,0,0,0,0,0,0,0,0,0,0,0,0,0,0,-82.5776226460655,28.7996340825585,213,129,50,4896,330,72,258,271,186,271,147,1356,213,54,48,581,187,581,241,-2.14824324239295,NA,3
"Weeki Wachee State Park ",0,0,0,0,0,0,0,0,0,0,0,0,0,0,0,0,0,1,0,0,0,0,1,0,0,0,0,0,0,0,0,0,0,0,0,0,0,0,0,0,0,0,0,0,0,0,0,0,0,0,0,0,-82.5758968318805,28.5154288508671,216,121,49,4710,327,82,245,271,191,271,152,1365,220,56,50,588,185,588,237,-1.98554940792303,NA,0
"Cabrera Farm",0,0,0,0,0,0,0,0,0,0,0,0,0,0,0,0,0,0,0,0,0,0,1,0,0,0,0,0,0,0,0,0,0,0,0,0,0,0,0,0,0,0,0,0,0,1,0,0,0,0,0,0,-82.1424095788685,27.6454030257922,222,121,51,4357,329,93,236,273,174,273,163,1283,207,41,58,604,161,573,191,-0.803083301492275,NA,3
"Blackwater River State Forest",0,1,0,0,0,0,0,0,0,0,0,0,0,0,1,0,0,0,0,1,0,0,0,0,0,0,0,0,0,0,0,0,0,0,0,0,0,0,0,0,0,0,0,0,0,1,0,0,0,0,0,0,-86.8444019931672,30.7185026791554,191,117,41,6321,324,40,284,268,151,268,108,1562,180,90,21,500,300,500,371,0.600910845981646,0.775184394825931,7
"Pine Log State Forest",0,1,0,0,0,0,0,0,0,0,0,0,0,0,0,0,0,0,0,1,0,0,0,0,0,0,0,0,0,0,0,0,0,0,0,0,0,0,0,0,0,0,0,0,0,1,0,0,0,0,0,0,-85.8815594447069,30.4181294536925,195,120,42,6125,324,44,280,269,157,269,114,1565,203,90,27,543,296,543,360,0.568939219098449,0.754280597058183,1
"Cendejas Farm",0,0,0,0,0,0,0,0,0,0,0,0,0,0,0,0,0,0,0,0,0,0,1,0,0,0,0,0,0,0,0,0,0,0,0,0,0,0,0,0,0,0,0,0,0,1,0,0,0,0,0,0,-81.9193373771578,27.1959984933898,223,123,53,4123,328,96,232,270,178,271,167,1311,208,47,58,606,154,576,172,-0.803083301492275,NA,3
"Natural Well Branch",0,0,0,0,0,0,0,0,0,0,0,0,0,0,0,0,0,1,0,0,0,0,1,0,0,0,0,0,0,0,0,0,0,0,0,0,0,0,0,0,0,0,0,0,0,0,0,0,0,0,0,0,-83.7234665500478,30.2285717447639,198,134,46,5809,331,44,287,269,163,269,120,1439,195,63,32,530,238,530,329,-1.98554940792303,NA,1
"Steinhatchee Falls",0,0,0,0,0,0,0,0,0,0,0,0,0,0,0,0,0,1,0,0,0,0,1,0,0,0,0,0,0,0,0,0,0,0,0,0,0,0,0,0,0,0,0,0,0,1,0,0,0,0,0,0,-83.3481616205992,29.750195916289,200,133,47,5620,328,47,281,268,168,268,124,1385,210,57,43,572,209,572,292,-1.25146994845917,NA,1
"Steinhatchee Rise",0,0,0,0,1,0,0,0,0,0,0,0,0,0,0,0,0,1,0,0,0,0,0,0,0,0,0,0,0,0,0,0,0,0,0,0,0,0,0,0,0,0,0,0,0,0,0,0,0,0,0,0,-83.3354354458643,29.7282710785153,201,132,46,5619,328,47,281,267,168,267,124,1378,209,57,44,571,208,571,290,-1.1650658107212,NA,1
"Murphy Creek Conservation Area",0,0,0,0,0,0,0,0,0,0,0,0,0,0,1,0,0,1,0,0,0,0,1,0,0,0,0,0,0,0,0,0,0,0,0,0,0,0,0,0,0,0,0,0,0,1,0,0,0,0,0,0,-81.6495802620392,29.5731844023304,207,119,45,5160,328,68,260,267,149,269,138,1311,178,59,40,519,203,509,232,-0.764396029686567,NA,2
"Lake George State Forest",0,0,0,0,0,0,0,0,0,0,0,0,0,0,0,0,0,0,0,1,0,0,1,0,0,0,0,0,0,0,0,0,0,0,0,0,0,0,0,0,0,0,0,0,0,0,0,0,0,0,0,0,-81.4734590550673,29.1580621530953,212,120,47,4920,329,74,255,270,156,270,145,1322,181,59,42,529,196,529,225,-0.612974371076238,NA,0
"Buckingham Trails Preserve",0,0,0,0,0,0,0,0,0,0,0,0,0,1,0,1,0,0,0,0,0,0,1,0,0,0,0,0,0,0,0,0,0,0,0,0,0,0,0,0,0,0,0,0,0,1,0,0,0,0,0,0,-81.7365030970024,26.6417657953748,230,120,53,3924,331,107,224,275,187,276,177,1334,233,39,65,652,134,611,145,-0.852452839697727,NA,1
"Fisheating Creek Wildlife Management Area",0,0,0,0,0,0,0,0,0,0,0,0,0,0,0,1,0,0,0,0,0,0,1,0,0,0,0,0,0,0,0,0,0,0,0,0,0,0,0,0,0,0,0,0,0,0,0,0,0,0,0,0,-81.3230216164552,26.9410060602444,225,128,53,4001,335,96,239,271,182,272,171,1240,215,41,59,582,139,524,149,-1.93875670015059,NA,1
"Galt Preserve",0,0,0,1,0,0,1,0,0,0,0,0,0,0,0,0,0,1,0,0,0,1,1,0,0,0,0,0,0,0,1,0,0,0,0,0,0,0,0,0,0,0,0,0,0,1,0,0,0,0,0,0,-82.0974642940188,26.507255722948,233,111,51,3859,330,116,214,277,191,278,180,1301,214,39,65,623,138,617,151,-2.84734986759775,NA,1
"Benson-Pulling Property",0,0,0,0,0,0,0,0,0,0,0,0,0,0,0,1,0,0,0,0,0,0,1,0,0,0,0,0,0,0,0,0,0,0,0,0,0,0,0,0,0,0,0,0,0,0,0,0,0,0,0,0,-81.7626380244432,26.3834846438403,233,116,53,3765,331,114,217,276,192,277,182,1334,230,38,67,649,130,624,141,-1.93875670015059,NA,1
"Green Swamp East Wildlife Preserve",0,0,0,0,0,0,0,0,0,0,0,0,0,0,0,1,0,0,0,0,0,0,0,0,0,0,0,0,0,0,0,0,0,0,0,0,0,0,0,0,0,0,0,0,0,0,0,0,0,0,0,0,-82.0381333887449,28.354574812702,220,123,50,4525,330,88,242,272,195,272,158,1315,200,50,50,577,178,577,218,-2.05465782684807,NA,0
"Caloosahatchee Regional Park",0,0,0,0,0,0,0,0,0,0,0,0,0,0,0,1,0,0,0,0,0,0,1,0,0,0,0,0,0,0,0,0,0,0,0,0,0,0,0,0,0,0,0,0,0,1,0,0,0,0,0,0,-81.6598260924711,26.7272239577673,228,123,53,3955,332,103,229,274,185,275,175,1313,232,40,64,637,136,585,147,-1.22027480994421,NA,1
"Triple J Ranch",0,0,0,0,0,0,0,0,0,0,0,0,0,0,0,1,0,0,0,0,0,0,1,0,0,0,0,0,0,0,0,0,0,0,0,0,0,0,0,0,0,0,0,0,0,0,0,0,0,0,0,0,-82.3644921085398,27.3499303031169,223,120,51,4265,329,95,234,272,176,273,165,1373,239,37,63,662,170,655,194,-1.93875670015059,NA,0
"Cypress Creek Preserve",0,0,0,0,0,0,0,0,0,0,0,0,0,0,0,1,0,0,0,1,0,0,1,0,0,0,0,0,0,0,0,0,0,0,0,0,0,0,0,0,0,0,0,0,0,1,0,0,0,0,0,0,-82.4225794172735,28.262407900357,220,116,48,4582,328,90,238,274,196,274,158,1361,216,55,51,595,184,595,219,-0.765979399632995,NA,0
"Miami Metro Zoo",0,0,0,0,0,0,0,0,0,0,0,0,0,0,0,1,0,0,0,0,0,0,1,0,0,0,0,0,0,0,0,0,0,0,0,0,0,0,0,0,0,0,0,0,0,0,0,0,0,0,0,0,-80.3970961591086,25.6022497079945,237,90,50,3134,319,141,178,273,195,275,195,1487,249,40,58,589,147,557,147,-1.93875670015059,NA,0
"Westen Farm",0,0,0,0,0,0,0,0,0,0,0,0,0,0,0,1,0,0,0,0,0,0,1,0,0,0,0,0,0,0,0,0,0,0,0,0,0,0,0,0,0,0,0,0,0,0,0,0,0,0,0,0,-81.8502469318555,26.7665327013066,230,119,53,3972,331,107,224,275,186,276,175,1311,224,40,64,637,138,600,152,-1.93875670015059,NA,1
"Fort Drum Marsh Conservation Area",0,0,0,0,0,0,0,0,0,0,0,0,0,0,0,1,1,0,0,0,0,0,1,0,0,0,0,1,0,0,0,0,0,0,0,0,0,0,0,0,1,0,0,0,0,0,0,0,0,0,0,0,-80.7604334893874,27.6165059827628,224,116,51,3979,328,102,226,270,181,271,170,1249,176,45,48,520,155,510,165,-1.56479108395623,NA,0
"Three Forks Marsh Conservation Area",0,0,0,0,0,0,0,0,0,0,0,0,0,0,0,1,0,0,0,0,0,0,1,0,0,0,0,1,0,0,0,0,0,0,0,0,0,0,0,0,0,0,0,0,0,1,0,0,0,0,0,0,-80.7504145528501,28.0618933770803,223,101,46,4132,322,106,216,272,179,272,167,1250,172,42,39,468,169,468,170,-1.26456984084559,NA,0
"River Lakes Conservation Area",0,0,0,0,0,0,0,0,0,0,0,0,0,0,0,1,1,0,0,1,0,0,1,0,0,0,0,1,0,0,0,0,0,0,0,0,0,0,0,0,0,0,0,0,0,0,0,0,0,0,0,0,-80.8127875059868,28.2455153027901,221,99,46,4225,319,104,215,271,175,271,164,1253,171,46,41,488,174,488,179,-1.14288393141553,NA,0
"Chito Branch Reserve",0,0,0,0,0,0,0,0,0,0,0,0,0,1,0,1,0,0,0,0,0,0,1,0,0,0,0,1,0,0,0,0,0,0,0,0,0,0,0,0,0,0,0,0,0,0,0,0,0,0,0,0,-82.1670268691522,27.8221217827892,223,118,50,4395,329,95,234,273,199,274,163,1259,204,39,56,581,165,560,197,-1.2559888157023,NA,4
"USCJO Farm",0,0,0,0,0,0,0,0,0,0,0,0,0,1,0,1,1,0,0,1,0,0,1,0,0,0,0,0,0,0,0,0,0,0,0,0,0,0,0,0,0,0,0,0,0,0,0,0,0,0,0,0,-81.4619157901484,26.5474167398789,229,124,54,3856,332,103,229,273,187,274,176,1318,239,39,64,637,136,574,142,-0.813190330497244,NA,2
"Pine Island Flatwoods",0,0,0,1,0,0,0,0,0,0,0,0,0,0,0,0,0,1,0,0,0,0,0,0,0,0,0,0,0,0,0,0,0,0,0,0,0,0,0,0,0,0,0,0,0,0,0,0,0,0,0,0,-82.1038586355832,26.5609072239904,232,111,51,3860,330,115,215,277,190,278,180,1297,214,38,65,622,138,613,152,-2.71171305570979,NA,1
"Amberjack Environmental Park",0,0,0,0,0,0,0,0,0,0,0,0,0,0,0,1,0,1,0,0,0,0,0,0,0,0,0,0,0,0,0,0,0,0,0,0,0,0,0,0,0,0,0,0,0,0,0,0,0,0,0,0,-82.3005911816605,26.8662492541367,229,112,50,4021,329,109,220,276,185,276,174,1257,210,38,61,584,154,582,170,-2.10145053462051,NA,0
"High Xpectations Ranch",0,1,0,0,0,0,0,0,0,0,0,0,0,1,0,1,0,0,0,1,0,0,1,0,0,0,0,1,0,0,0,0,0,0,0,0,0,0,0,0,1,0,0,0,0,1,0,0,0,0,0,0,-81.5266385542922,26.7489964481697,227,127,54,3983,334,99,235,273,184,274,173,1296,232,41,62,623,138,559,146,-0.60372081711459,NA,2
"Pepper Ranch Preserve",0,0,0,0,0,0,0,0,0,0,0,0,0,0,0,1,0,0,0,0,0,0,1,0,0,0,0,0,0,0,0,0,0,0,0,0,0,0,0,0,0,0,0,0,0,0,0,0,0,0,0,0,-81.5331661106435,26.4447305838261,230,121,54,3763,331,108,223,273,189,274,179,1326,239,38,65,645,132,593,139,-1.93875670015059,NA,0
"Silk Hope Fiber Farm",0,1,0,0,0,0,0,0,0,0,0,0,0,0,0,0,0,0,0,0,0,0,0,0,0,0,0,0,0,0,0,0,0,0,0,0,0,0,0,0,1,0,0,0,0,0,0,0,0,0,0,0,-82.5946655264993,29.7676419782353,203,137,48,5402,331,50,281,268,172,268,130,1303,200,50,43,542,187,542,272,-0.309703537938359,NA,3
"Atlantic Ridge State Park",0,0,0,0,0,0,0,0,0,0,0,0,0,0,0,0,0,0,0,0,0,0,1,0,0,0,0,0,0,0,0,0,0,0,0,0,0,0,0,0,0,0,0,0,0,0,0,0,0,0,0,0,-80.2113944113482,27.0871319249246,232,103,50,3569,325,121,204,274,183,274,183,1391,194,57,41,510,195,510,195,-1.82285557345311,NA,0
"Jelks Preserve",0,0,0,0,0,0,0,0,0,0,0,0,0,0,0,1,0,1,0,0,0,0,1,0,0,0,0,0,0,0,0,0,0,0,0,0,0,0,0,0,0,0,0,0,0,0,0,0,0,0,0,0,-82.3199121196051,27.0701713481704,226,116,51,4131,329,103,226,273,181,275,170,1287,218,39,60,598,162,596,181,-2.00858554756471,NA,0
"Yamato Scrub Natural Area",0,0,0,0,0,0,0,0,0,0,0,0,0,0,0,0,0,0,0,1,0,0,1,0,0,0,0,0,0,0,0,0,0,0,0,0,0,0,0,0,0,0,0,0,0,0,0,0,0,0,0,0,-80.3757464761049,26.404909524754,234,107,52,3409,327,124,203,273,187,274,187,1497,230,53,49,590,177,560,177,-0.612974371076238,NA,0
"Diamond G Ranch",0,0,0,0,0,0,0,0,0,0,0,0,0,0,0,0,0,0,0,0,0,0,1,0,0,0,0,0,0,0,0,0,0,0,0,0,0,0,0,0,0,0,0,0,0,0,0,0,0,0,0,0,-81.1768616520857,26.782728610193,227,124,53,3920,332,101,231,272,184,273,173,1224,211,40,58,566,137,509,144,-1.82285557345311,NA,1
"Hal Scott Regional Preserve",0,0,0,0,0,0,0,0,0,0,0,0,0,1,0,1,0,0,0,0,0,0,1,0,0,0,0,0,0,0,0,0,0,0,0,0,0,0,0,0,0,0,0,0,0,1,0,0,0,0,0,0,-81.1184330835038,28.4945836941166,220,109,46,4462,327,94,233,272,171,273,160,1286,194,53,49,556,173,542,190,-0.852452839697727,NA,0
"Long Key State Park",0,0,0,1,0,0,0,0,0,0,0,0,0,0,0,0,0,1,0,0,0,0,0,0,0,0,0,0,0,0,0,0,0,0,0,0,0,0,0,0,0,0,0,0,0,0,0,0,0,0,0,0,-80.8201285678541,24.8173398391603,246,79,48,2993,321,158,163,273,222,281,205,1134,188,41,55,444,132,409,136,-2.71171305570979,NA,0
"Shell Creek Preserve",0,0,0,0,0,0,0,0,0,0,0,0,0,0,0,0,0,1,0,0,0,0,0,0,0,0,0,0,0,0,0,0,0,0,0,0,0,0,0,0,0,0,0,0,0,0,0,0,0,0,0,0,-81.8340415213873,27.0021147665069,226,123,53,4092,331,100,231,273,181,274,171,1282,214,42,60,606,145,566,161,-2.14824324239295,NA,0
"VC Hollingsworth Ranch",0,0,0,0,1,0,0,0,0,0,0,0,0,1,0,0,0,0,0,1,0,0,1,0,0,0,0,1,0,0,0,0,0,0,0,0,0,1,0,0,0,0,0,0,0,1,0,0,0,0,0,0,-81.9663870052584,27.2782719611775,223,124,53,4159,328,95,233,271,177,272,167,1317,208,47,58,612,156,582,176,-0.215554042757096,NA,3
"Teague Hammock",1,1,0,0,0,0,0,0,0,0,0,0,0,0,0,1,0,0,0,1,1,0,1,0,0,0,0,1,0,0,0,0,0,0,0,0,0,1,0,0,0,0,0,0,0,1,0,0,0,0,0,0,-80.5452831780918,27.3124310286254,228,110,50,3835,326,110,216,273,186,273,175,1268,174,50,45,496,169,496,171,-0.166754801644773,NA,0
"Paleo Hammock",0,0,0,0,0,0,0,0,0,0,0,0,0,0,0,1,0,0,0,0,0,0,1,0,0,0,0,1,0,0,0,0,0,0,0,0,0,0,0,0,0,0,0,0,0,0,0,0,0,0,0,0,-80.5470815773864,27.3103018816105,228,110,50,3835,326,110,216,273,186,273,175,1268,174,50,45,496,169,496,171,-1.7583227779503,NA,0
"Stump Pass Beach State Park",0,0,0,0,0,0,0,0,0,0,0,0,0,1,0,0,0,1,0,0,0,0,0,0,0,0,0,0,0,0,1,0,0,0,0,0,0,0,0,0,0,0,0,0,0,0,0,0,0,0,0,0,-82.3025,26.90626,229,113,51,4029,329,109,220,275,185,276,174,1259,211,38,61,585,154,583,171,-1.8229438315134,NA,0
"Lake Manatee State Park",0,0,0,0,0,0,0,0,0,0,0,0,0,0,0,1,0,0,0,1,0,0,1,0,0,0,0,0,0,0,0,0,0,0,0,0,0,0,0,0,0,0,0,0,0,1,0,0,0,0,0,0,-82.4088875868463,27.4833955150812,223,117,50,4313,329,95,234,272,175,273,164,1343,235,34,63,642,170,642,198,-0.765979399632995,NA,3
"Estero Bay Preserve State Park",0,0,0,1,0,0,0,0,0,0,0,0,0,1,0,0,0,1,0,1,0,0,1,0,0,0,0,0,0,0,1,0,0,0,0,0,0,0,0,0,0,0,0,0,0,0,0,0,0,0,0,0,-81.8412156560709,26.4518918461775,233,115,52,3800,331,114,217,276,191,278,181,1338,228,38,67,653,131,631,142,-1.66166051761988,NA,1
"Morgan Park",0,0,0,0,0,0,0,0,0,0,0,0,0,0,0,1,0,0,0,1,0,0,1,0,0,0,0,0,0,0,0,0,0,0,0,0,0,0,0,0,0,0,0,0,0,1,0,0,0,0,0,0,-81.8790595736879,27.2282087360728,223,124,53,4114,328,96,232,270,178,271,167,1309,206,49,56,597,154,569,172,-0.765979399632995,NA,3
"Fakahatchee Strand State Park",0,0,0,0,0,0,0,0,0,0,0,0,0,0,0,0,0,1,0,0,0,0,0,0,0,0,0,0,0,0,0,0,0,0,0,0,0,0,0,0,0,0,0,0,0,0,0,0,0,0,0,0,-81.4540975144076,26.0511082796163,232,112,53,3581,327,117,210,273,194,275,184,1336,242,37,67,645,125,610,130,-2.14824324239295,NA,0
"Tippecanoe Environmental Park",0,0,0,1,0,0,1,0,0,0,0,0,0,0,0,1,0,1,0,0,0,0,1,0,0,0,0,0,0,0,1,0,0,0,0,0,0,0,0,0,0,0,0,0,0,0,0,0,0,0,0,0,-82.1834595066517,26.9927856833679,227,118,52,4076,330,104,226,274,182,275,172,1280,212,38,61,603,154,587,172,-2.92299059290002,NA,0
"Oyster Creek Regional Park",0,0,0,0,0,0,1,0,0,0,0,0,0,0,0,0,0,1,0,0,0,0,0,0,0,0,0,0,0,0,0,0,0,0,0,0,0,0,0,0,0,0,0,0,0,0,0,0,0,0,0,0,-82.315,26.899329973447,229,113,51,4018,329,109,220,275,185,276,174,1255,210,38,60,582,154,581,171,-3.40682298244168,NA,0
"Big Shoals State Forest",0,1,0,0,0,0,0,0,0,0,0,0,0,0,1,0,0,0,1,1,1,0,0,0,0,0,0,0,0,0,0,0,1,0,0,0,0,1,0,0,0,0,0,0,0,1,0,0,0,0,0,0,-82.7062010547631,30.3387728867351,199,137,47,5686,333,44,289,268,164,268,122,1341,182,57,35,512,207,512,295,0.753102761816259,0.867814935234615,0
"Halpata Tastanaki Preserve",0,0,0,0,0,0,0,0,0,0,0,0,0,1,0,1,0,0,0,1,0,0,1,0,0,0,0,0,0,0,0,0,0,0,0,0,0,0,0,0,0,0,0,0,0,0,0,0,0,0,0,0,-82.5371747199781,29.0450781820266,210,133,50,5036,331,66,265,270,181,270,142,1369,209,55,46,580,190,580,253,-0.757398374489709,NA,0
"Starkey Wilderness Park (Serenova Tract)",0,0,0,1,0,0,0,0,0,0,0,0,0,1,1,1,0,1,0,0,0,0,1,0,0,0,0,0,0,0,0,0,0,0,0,0,0,0,0,0,0,0,0,0,0,0,0,0,0,0,0,0,-82.5745743090306,28.313517519088,220,115,48,4672,328,89,239,273,195,274,156,1343,217,56,51,587,186,579,225,-1.3921834523413,NA,0
"Wakulla State Forest",0,0,0,0,0,0,0,0,0,0,0,0,0,0,1,0,0,1,0,1,0,0,0,0,0,0,0,0,0,0,0,1,0,0,0,0,0,0,0,0,0,0,0,0,0,1,0,0,0,0,0,0,-84.2756034228135,30.289081141695,197,131,45,5924,330,44,286,269,161,269,118,1507,199,75,29,531,262,531,342,-0.0559103030938031,NA,1
"Caracara Prairie Preserve",0,0,0,0,0,0,0,0,0,0,0,0,0,0,0,0,1,0,0,0,0,0,1,0,0,0,0,0,0,0,0,0,0,0,0,0,0,0,0,0,0,0,0,0,0,0,0,0,0,0,0,0,-81.5512966554035,26.4480087886128,230,121,54,3779,331,108,223,274,189,274,179,1328,239,38,66,647,131,597,139,-1.42960686399025,NA,0
"Green Swamp Wilderness Preserve (Hampton Tract)",0,0,0,0,0,0,0,0,0,0,0,0,0,0,0,0,0,0,0,0,0,0,1,0,0,0,0,0,0,0,0,0,0,0,0,0,0,0,0,0,0,0,0,0,0,1,0,0,0,0,0,0,-82.0038707072246,28.270469626694,221,121,50,4533,331,90,241,273,196,273,159,1296,202,45,51,578,175,578,211,-0.803083301492275,NA,0
"Edward Chance Preserve (Coker Prairie Tract)",0,0,0,0,0,0,0,0,0,0,0,0,0,0,0,0,0,0,0,1,0,0,1,0,0,0,0,0,0,0,0,0,0,0,0,0,0,0,0,0,0,0,0,0,0,1,0,0,0,0,0,0,-82.2115427588611,27.4615177668594,223,122,51,4288,329,93,236,272,176,272,164,1332,220,39,61,639,163,613,191,-0.336419923894638,NA,3
"Jack Creek",0,0,0,0,0,0,0,0,0,0,0,0,0,0,0,0,0,0,0,0,0,0,1,0,0,0,0,0,0,0,0,0,0,0,0,0,0,0,0,0,0,0,0,0,0,1,0,0,0,0,0,0,-81.4224929254962,27.3702518232421,224,131,53,4175,335,91,244,271,178,272,166,1199,202,41,58,553,144,510,161,-0.803083301492275,NA,0
"Deering Estate at Cutler",0,0,0,1,0,0,0,0,0,0,0,0,0,0,1,0,0,1,0,0,0,0,1,0,0,0,0,0,0,0,0,0,0,0,0,0,0,0,0,0,1,0,0,0,0,0,0,0,0,0,0,0,-80.3059969540368,25.6229931564439,240,77,47,3110,315,152,163,267,198,277,198,1373,228,41,54,517,152,482,152,-1.61241697792886,NA,0
"Tate's Hell Wildlife Management Area",0,0,0,0,0,0,0,0,0,0,0,0,0,1,0,0,0,1,0,0,0,0,1,0,0,0,0,0,0,0,1,1,0,0,0,0,0,0,0,0,0,0,0,0,1,0,0,0,0,0,0,0,-84.794089319622,29.8036613672686,201,115,43,5742,323,57,266,268,167,270,124,1487,202,80,36,582,264,541,307,-1.11287900255984,NA,1
"Econfina Creek Water Management Area",0,0,0,0,0,0,0,0,0,0,0,0,0,0,1,0,0,1,0,0,0,0,0,0,0,0,0,0,0,0,0,0,0,0,0,0,0,0,0,0,0,0,0,0,1,0,0,0,0,0,0,0,-85.5522480842659,30.3396928261204,195,126,44,6023,326,43,283,268,159,268,115,1560,208,88,28,551,294,551,357,-0.39842488721698,NA,1
"Yellow River Water Management Area",0,1,0,0,0,0,0,0,0,0,0,0,0,0,1,0,0,1,0,0,1,0,0,0,0,0,0,0,0,0,0,0,0,0,0,0,0,0,0,0,0,0,0,0,0,0,0,0,0,0,0,0,-86.9236252412863,30.5694542432003,195,109,39,6242,323,48,275,267,156,271,112,1543,179,85,23,506,294,502,357,0.0613125310133532,0.247613672912772,7
"Escambia River Water Management Area",0,0,0,0,0,0,0,0,0,0,0,0,0,0,1,0,0,0,0,0,0,0,0,0,0,0,0,0,0,0,0,0,0,0,0,0,0,0,0,0,0,0,0,0,0,0,0,0,0,0,0,0,-87.2434948668516,30.6325897527488,195,112,40,6223,326,48,278,272,156,272,113,1562,177,92,21,495,305,495,372,0.696825726631236,0.834760879911868,1
"Griffin Ridge Wildlife Management Area",0,1,0,0,0,1,0,0,0,0,0,0,0,0,1,0,0,1,0,1,1,0,1,0,0,0,0,0,0,0,0,1,1,0,0,0,0,1,0,0,0,0,0,0,1,1,0,0,0,0,1,1,-81.8090824419276,31.6904330832587,191,129,43,6175,335,35,300,268,153,268,109,1258,165,61,30,455,212,455,282,0.305070173542544,0.552331579345726,0
"Grand Bay Wildlife Management Area",0,0,0,0,0,0,0,0,0,0,0,0,0,1,1,0,0,0,0,1,1,0,0,0,0,0,0,0,0,0,0,0,1,0,0,0,0,0,0,0,0,0,0,0,0,1,0,0,0,0,1,0,-83.1983791522898,31.2456795904272,190,126,42,6267,329,35,294,267,150,267,107,1220,147,56,26,406,202,406,298,0.615380943027292,0.784462199871538,1
"Chickasawhatchee Wildlife Management Area",0,1,0,0,0,0,0,0,0,0,0,0,0,0,1,0,0,0,1,1,1,0,0,0,0,0,0,0,0,0,0,1,1,0,0,0,0,1,0,0,0,0,0,0,1,1,0,0,0,0,0,1,-84.3939087259579,31.3894977516548,191,133,44,6337,333,34,299,121,198,268,106,1303,147,55,23,392,217,381,365,0.691463013941975,0.831542550890798,1
"Riverbend Wildlife Management Area",0,1,0,0,0,0,0,0,0,0,0,0,0,0,1,0,0,0,0,1,0,0,0,0,0,0,0,0,0,0,0,0,0,0,0,0,0,0,0,0,0,0,0,0,0,1,0,0,0,0,0,1,-82.8259759584912,32.1622516954403,184,139,43,6633,336,20,316,266,190,266,95,1136,122,55,22,345,196,345,313,0.674100278024789,0.821036100317634,0
"Tanglewood Acres",0,0,0,0,0,0,0,0,0,0,0,0,0,0,0,0,0,0,0,0,0,0,0,0,0,0,0,0,0,0,0,0,0,0,0,0,0,0,0,0,0,0,0,0,1,0,0,0,0,0,1,0,-83.2267304205473,30.9368835050281,194,125,43,6137,330,43,287,270,154,270,114,1234,157,55,30,429,186,429,277,0.503710060240365,0.709725341410581,1
"Keel Hunting Land",0,1,0,0,0,0,0,0,0,0,0,0,0,0,1,0,0,0,0,1,1,0,0,0,0,0,0,0,0,0,0,0,1,0,0,0,0,0,0,0,0,0,0,0,0,1,0,0,0,0,1,1,-81.9803711289052,32.2004593774479,189,132,42,6396,337,29,308,268,149,268,103,1199,142,61,25,401,213,401,291,0.739591673984106,0.859995159279462,0
"Tuckahoe Wildlife Management Area",0,1,0,0,0,1,0,0,0,0,0,0,0,0,1,0,0,0,0,1,0,0,0,0,0,0,0,0,0,0,0,0,1,0,0,1,0,1,0,0,0,0,0,0,0,1,0,0,0,0,1,1,-81.5004291271091,32.846155410335,182,136,42,6686,336,17,319,265,139,265,93,1201,138,62,24,398,213,398,292,0.778811416941185,0.882502927440575,1
"Dixon Memorial Wildlife Management Area",1,0,0,0,0,1,0,0,0,0,0,0,0,0,0,0,0,0,0,0,0,0,0,0,0,0,0,0,0,0,0,0,0,0,0,0,0,0,0,0,0,0,0,0,0,1,0,0,0,0,0,0,-82.3087892040329,31.1151822713816,193,136,45,6042,338,36,302,268,156,268,113,1285,172,66,32,476,216,476,291,0.511370673661107,0.715101862437168,3
"River Creek Wildlife Management Area",0,0,0,0,0,0,0,0,0,0,0,0,0,0,1,0,0,0,0,1,0,0,0,0,0,0,0,0,0,0,0,0,1,0,0,0,0,0,0,0,0,0,0,0,0,1,0,0,0,0,1,0,-84.0629578849805,30.8609017643442,194,134,45,6091,333,38,295,267,200,267,112,1367,163,61,24,436,241,436,348,0.650641549172071,0.806623548609927,1
"Silver Lake Wildlife Management Area",0,0,0,0,0,0,0,0,0,0,0,0,0,0,0,0,0,0,0,1,0,0,0,0,0,0,0,0,0,0,0,0,1,0,0,0,0,0,0,0,0,0,0,0,0,1,0,0,0,0,0,0,-84.733746802323,30.8050487106717,194,134,45,6151,334,37,297,269,156,269,112,1393,165,69,22,435,254,435,353,0.601701584286389,0.775694259541986,0
"Lake Seminole Wildlife Management Area",0,0,0,0,0,0,0,0,0,0,0,0,0,0,1,0,0,0,0,1,0,0,0,0,0,0,0,0,0,0,0,0,0,0,0,0,0,0,0,0,0,0,0,0,0,1,0,0,0,0,0,0,-84.7835003142608,30.8266116089181,194,135,45,6177,334,37,297,269,155,269,111,1393,163,68,22,433,255,433,357,0.503473842800144,0.709558907209362,0
"Flint River Wildlife Management Area",0,1,0,1,1,0,0,0,0,0,0,0,0,0,0,0,0,0,0,1,0,0,1,0,0,0,0,0,0,0,0,0,1,0,0,1,0,0,0,0,0,0,0,0,0,1,0,0,0,0,1,1,-83.9967923084387,32.1504978740965,183,133,42,6720,331,19,312,107,189,265,93,1171,125,50,23,359,198,334,342,0.0100426820316907,0.100213182923659,0
"Mayhaw Wildlife Management Area",0,0,0,0,0,0,0,0,0,0,0,0,0,0,1,0,0,0,0,1,0,0,0,0,0,0,0,0,0,0,0,0,0,0,0,0,0,0,0,0,0,0,0,0,0,1,0,0,0,0,0,0,-84.7660555331209,31.1657524320024,193,137,45,6253,336,35,301,124,199,269,109,1350,145,59,22,404,236,393,376,0.503473842800144,0.709558907209362,0
"Loggy Bayou Wildlife Management Area",0,1,0,0,0,0,0,0,0,0,0,0,0,1,1,0,0,0,1,1,1,0,0,0,0,0,0,1,0,0,0,0,1,0,0,0,0,1,0,0,0,0,0,0,0,1,0,0,0,0,0,1,-93.4214830336039,32.2663916648643,180,130,39,7312,340,9,331,94,234,270,82,1267,138,71,16,351,250,276,349,0.531385294383583,0.728961792128767,0
"Red River Wildlife Management Area",0,1,0,0,0,0,0,0,1,0,0,0,0,1,1,0,0,0,1,1,1,0,0,0,0,0,0,0,0,0,0,0,1,0,0,1,0,1,0,0,0,0,0,1,0,1,0,0,0,0,0,0,-91.7358596076807,31.2441531451354,188,124,40,6650,335,31,304,99,236,270,99,1514,166,94,16,437,301,335,437,1.05261328947746,1.02596943886134,6
"Bayou Cocodrie National Wildlife Refuge",0,1,0,0,0,0,0,0,0,0,0,0,0,0,1,0,0,0,0,1,0,0,0,0,0,0,0,0,0,0,0,0,0,0,0,0,0,0,0,0,0,0,0,0,0,0,0,0,0,0,0,0,-91.6181495593042,31.5885145814815,187,125,40,6791,335,27,308,96,237,271,96,1486,164,93,19,432,282,314,432,0.728984804486007,0.853806069600121,6
"Red River National Wildlife Refuge",0,1,0,0,0,0,0,0,0,0,0,0,0,1,0,0,0,0,0,1,1,0,0,0,0,0,0,0,0,0,0,0,1,0,0,0,0,1,0,0,0,0,0,0,0,1,0,0,0,0,0,0,-92.9279413738713,31.6016526629591,188,130,40,6935,342,21,321,95,239,273,95,1390,156,90,16,404,282,306,404,0.654499596808244,0.80901149361937,1
"Pearl River Wildlife Management Area, LA",0,1,0,0,0,0,0,0,0,0,0,0,0,0,1,0,0,0,0,1,1,0,0,0,0,0,0,0,0,0,0,0,0,0,0,0,0,0,0,0,0,0,0,0,0,0,0,0,0,0,0,0,-89.6727745541818,30.3069213175963,194,115,40,6156,327,43,284,265,202,269,112,1537,157,73,17,443,318,424,413,0.747600049436751,0.86463868143679,2
"West Bay Wildlife Management Area",0,1,0,0,0,0,0,0,0,0,0,0,0,0,1,0,0,0,1,1,0,0,0,0,0,0,0,0,0,0,0,0,0,0,0,0,0,1,0,0,0,0,0,0,0,1,0,0,0,0,0,1,-92.7857857213888,30.8156066973251,190,126,41,6581,336,29,307,114,239,271,101,1561,174,108,13,445,347,378,435,0.742389337906926,0.861620181928746,4
"Niblett's Bluff Park",0,1,0,0,0,0,0,0,0,0,0,0,0,0,1,0,0,0,0,1,0,0,0,0,0,0,0,0,0,0,0,0,0,0,0,0,0,0,0,0,0,0,0,0,0,1,0,0,0,0,0,0,-93.6792046419254,30.1992784807645,194,114,39,6418,330,40,290,258,155,272,106,1473,151,91,16,428,286,406,370,0.600910845981646,0.775184394825931,2
"Attakapas Island Wildlife Management Area",0,0,0,0,0,0,0,0,0,0,0,0,0,0,1,0,0,0,0,1,0,0,0,0,0,0,0,0,0,0,0,0,0,0,0,0,0,1,0,0,0,0,0,0,0,0,0,0,0,0,0,0,-91.4482239380581,29.8758342101588,198,108,40,5941,323,54,269,270,162,270,118,1569,192,90,23,526,322,526,370,0.707481423957858,0.841119149679674,1
"Maurepas Swamp Wildlife Management Area",0,1,0,0,0,0,0,0,0,0,0,0,0,0,1,0,0,1,1,1,1,0,0,0,0,0,0,0,0,0,0,0,1,0,0,0,0,1,0,0,0,0,0,0,0,1,0,0,0,0,0,0,-90.4453414543287,30.145995477293,198,116,41,6036,329,47,282,268,161,271,117,1578,169,84,16,461,330,455,413,0.430730983570791,0.65630098550192,2
"Big Lake Wildlife Management Area",0,1,0,0,0,0,0,0,0,0,0,0,0,1,1,0,0,0,0,1,1,0,0,0,0,0,0,0,0,0,0,0,0,0,0,0,0,1,0,0,0,0,0,0,0,1,0,0,0,0,0,0,-91.4830388856104,32.1733608933672,183,126,39,7104,338,20,318,183,234,271,88,1405,152,79,21,420,249,284,416,0.612401993314139,0.782561175445178,0
"Boeuf Wildlife Management Area",0,1,0,0,0,0,0,0,0,0,0,0,0,1,0,0,0,0,0,1,0,0,0,0,0,0,0,0,0,0,0,0,1,0,0,0,0,0,0,0,0,0,0,0,0,1,0,0,0,0,0,0,-91.9222331748039,32.0186627067527,184,128,40,7024,339,21,318,90,235,271,90,1414,152,84,19,415,262,290,415,0.589867935885405,0.768028603559402,0
"Dewey Wills Wildlife Management Area",0,1,0,0,0,0,0,0,0,0,0,0,0,1,1,0,0,0,0,1,1,0,0,0,0,0,0,0,0,0,0,0,1,0,0,0,0,1,0,0,0,0,0,0,0,1,0,0,0,0,0,0,-91.9964221829011,31.4024069611484,187,126,40,6826,336,25,311,95,236,270,95,1482,167,96,17,432,295,318,432,0.659790363036118,0.812274807584304,0
"Thistlethwaite Wildlife Management Area",0,0,0,0,0,0,0,0,0,0,0,0,0,1,1,0,0,0,0,1,1,0,0,0,0,0,0,0,0,0,0,0,0,0,0,0,0,1,0,0,0,0,0,0,0,1,0,0,0,0,0,0,-91.9919503448547,30.6586176429488,192,121,41,6421,333,39,294,107,197,271,107,1523,153,97,11,424,327,378,424,0.56559868294547,0.752062951451187,3
"Sherburne Wildlife Management Area",0,1,0,0,0,0,0,0,0,0,0,0,0,1,1,0,0,0,0,1,1,0,0,0,0,0,0,0,0,0,0,0,0,0,0,0,0,1,0,0,0,0,0,0,0,1,0,0,0,0,0,0,-91.712651431538,30.4670934218347,193,118,40,6325,329,41,288,271,199,271,109,1513,150,92,12,413,317,413,410,0.612401993314139,0.782561175445178,3
"Sandy Creek Wildlife Management Area",0,1,0,0,1,1,0,1,1,0,0,1,0,1,1,0,0,0,1,1,1,0,0,0,0,0,0,0,0,0,0,1,1,0,1,0,0,1,0,1,0,0,1,0,1,1,0,0,1,0,1,1,-91.1699407698051,31.3845237194137,184,127,41,6646,330,23,307,95,233,266,95,1541,163,87,18,446,294,344,446,0.719475205819652,0.848218843117537,6
"Marion County Wildlife Management Area",0,1,0,0,0,0,0,1,1,0,0,0,0,1,1,0,0,0,1,1,1,0,0,0,0,0,1,0,0,0,0,1,0,0,0,0,0,0,0,0,0,0,1,0,1,1,0,0,0,0,1,1,-89.7386858765729,31.2066221933201,187,131,42,6557,334,27,307,115,192,268,100,1574,157,83,16,456,305,386,455,0.678961579539227,0.823991249673943,4
"Pascagoula River Wildlife Management Area",0,1,0,0,0,0,0,0,0,0,0,0,0,0,1,0,0,1,0,1,0,0,1,0,0,0,0,0,0,0,0,0,0,0,0,0,0,1,0,0,0,0,0,0,0,1,0,0,0,0,1,1,-88.6799040155361,30.72426302268,191,121,41,6303,330,38,292,264,151,268,107,1639,179,83,18,489,329,479,418,0.108821283843282,0.329880711535672,0
"Jim Evans Property",0,1,0,0,1,0,0,0,0,0,0,0,0,1,1,0,0,0,1,1,1,0,1,0,0,0,0,0,0,0,0,0,1,0,0,0,0,1,0,0,0,0,1,0,0,1,0,0,0,0,0,1,-89.6683505002702,34.1546135973222,163,133,39,7643,331,-9,340,161,219,258,61,1421,152,78,21,429,251,289,395,0.475166537067235,0.68932324570352,4
"Ward Bayou Wildlife Management Area",0,1,0,0,0,0,0,0,0,0,0,0,0,0,1,0,0,1,0,1,0,0,1,0,0,0,0,0,0,0,0,0,0,0,0,0,0,1,0,0,0,0,0,0,0,1,0,0,0,0,1,0,-88.6017513449464,30.5721822349534,193,112,39,6256,326,45,281,266,154,270,110,1642,179,85,19,504,325,493,411,0.00156669354902171,0.0395814798740738,2
"Saint Catherine Creek National Wildlife Refuge",0,0,0,0,0,0,0,0,0,0,0,0,0,0,0,0,0,0,0,1,0,0,0,0,0,0,0,0,0,0,0,0,0,0,0,0,0,0,0,0,0,0,0,0,0,0,0,0,0,0,0,0,-91.4368637420804,31.3238041749671,188,125,41,6631,333,29,304,100,237,270,100,1524,164,90,17,440,295,337,440,0.596906831300634,0.772597457477459,6
"Little Biloxi Wildlife Management Area",0,1,0,0,0,0,0,0,0,0,0,0,0,0,1,0,0,0,0,1,0,0,1,0,0,0,0,0,0,0,0,1,0,0,0,0,0,1,0,0,0,0,0,0,0,1,0,0,0,0,1,0,-89.2220485299927,30.6792646857663,192,119,41,6255,329,41,288,264,197,268,108,1632,169,79,17,469,328,459,434,0.31488087366358,0.561142471805138,0
"Upper Sardis Wildlife Management Area",0,1,0,0,0,0,0,0,0,0,0,0,0,1,1,0,0,0,0,1,1,0,0,0,0,0,0,0,0,0,0,0,0,0,0,0,0,1,0,0,0,0,0,0,0,1,0,0,0,0,1,1,-89.3722660416307,34.4871091576669,158,129,38,7690,325,-13,338,158,214,254,55,1446,154,83,20,435,265,294,395,0.667216580640699,0.816833263671784,2
"Malmaison Wildlife Management Area",0,1,0,0,0,0,0,0,0,0,0,0,0,1,1,0,0,0,1,1,1,0,0,0,0,0,0,0,0,0,0,0,1,0,0,1,0,1,0,0,0,0,0,0,0,1,0,0,0,0,0,1,-90.0895946205589,33.7029806974657,171,125,37,7691,335,0,335,171,226,266,67,1392,149,72,21,416,239,284,392,0.746053175696599,0.863743697920048,6
"Sky Lake Wildlife Management Area",0,1,0,0,0,0,0,0,0,0,0,0,0,0,0,0,0,0,0,1,1,0,0,0,0,0,0,0,0,0,0,0,0,0,0,0,0,1,0,0,0,0,0,0,0,1,0,0,0,0,0,0,-90.4536565893902,33.2849535180575,175,122,36,7673,336,5,331,175,229,270,72,1397,152,72,22,419,237,285,402,0.667795031105206,0.81718726807581,8
"Leroy Percy Wildlife Management Area and State Park",0,1,0,0,0,0,0,0,0,0,0,0,0,1,1,0,0,0,1,1,1,0,0,0,0,0,0,0,0,0,0,0,1,0,0,1,0,1,0,0,0,0,0,0,0,0,0,0,0,0,0,0,-90.9371632530569,33.1684466584586,174,120,36,7664,334,4,330,176,229,269,71,1360,143,70,21,402,232,275,391,0.780337550666296,0.883367166395886,5
"Choctaw Wildlife Management Area",0,1,0,0,0,0,0,0,0,0,0,0,0,1,1,0,0,0,1,1,1,0,0,0,0,0,0,0,0,0,0,0,1,0,0,0,0,1,0,0,0,0,0,0,0,1,0,0,0,0,1,1,-89.1128327022776,33.2662712622713,167,132,40,7234,326,-1,327,124,219,257,71,1428,156,82,20,428,266,301,410,0.726724585285373,0.852481428117571,3
"Pearl River Wildlife Management Area, MS",0,1,0,0,1,0,0,0,0,0,0,0,0,0,1,0,0,0,1,1,1,0,0,0,0,0,0,0,0,0,0,0,1,0,0,1,0,1,0,0,0,0,0,0,0,1,0,0,0,0,0,1,-89.9558863556158,32.522540589289,176,135,41,7115,336,8,328,176,227,265,82,1376,147,79,22,408,242,286,405,0.706698498415585,0.840653613812244,7
"Caney Creek Wildlife Management Area",0,1,0,0,0,0,0,0,0,0,0,0,0,0,1,0,0,0,0,1,1,0,0,0,0,0,0,0,0,0,0,0,0,0,0,0,0,1,0,0,0,0,0,0,0,1,0,0,0,0,0,1,-89.6289337631941,32.2073931485148,175,137,42,6949,331,5,326,98,225,261,82,1468,157,87,19,432,277,323,430,0.714665555479232,0.845378941942152,2
"Tallahalla Wildlife Management Area",0,1,0,0,0,0,0,0,0,0,0,0,0,1,1,0,0,0,0,1,1,0,0,0,0,0,0,0,0,0,0,0,0,0,0,0,0,0,0,0,0,0,0,0,0,1,0,0,0,0,0,1,-89.3114347145443,32.201411062104,174,135,41,7000,330,4,326,132,225,260,80,1470,161,86,19,439,280,328,426,0.63213717792209,0.795070549021966,2
"Sunflower Wildlife Management Area",0,1,0,0,0,0,0,0,0,0,0,0,0,1,1,0,0,0,0,1,0,0,0,0,0,0,0,0,0,0,0,0,0,0,0,0,0,1,0,0,0,0,0,0,0,0,0,0,0,0,0,0,-90.7830508819143,32.8770077699086,175,124,38,7437,332,6,326,91,228,266,74,1384,152,73,22,412,238,279,408,0.653335839688286,0.808291927269032,5
"Okatibbee Wildlife Management Area",0,1,0,0,0,0,0,0,0,0,0,0,0,0,1,0,0,0,0,1,0,0,0,0,0,0,0,0,0,0,0,0,0,0,0,0,0,1,0,0,0,0,0,0,0,1,0,0,0,0,0,0,-88.8576726054336,32.7898872592206,169,132,40,7114,325,1,324,127,221,258,74,1429,159,82,21,433,260,318,408,0.646471019573657,0.804034215424728,2
"Shipland Wildlife Management Area",0,1,0,0,0,0,0,0,0,0,0,0,0,0,1,0,0,0,0,1,1,0,0,0,0,0,0,0,0,0,0,0,0,0,0,0,0,1,0,0,0,0,0,0,0,1,0,0,0,0,0,0,-91.136476531766,32.7659959652947,177,119,36,7487,332,8,324,92,230,268,75,1417,155,76,22,419,247,282,419,0.672633480359544,0.820142353716441,5
"Caston Creek Wildlife Management Area",0,1,0,0,0,0,0,0,0,0,0,0,0,0,1,0,0,0,0,1,1,0,0,0,0,0,0,0,0,0,0,0,1,0,0,0,0,1,0,0,0,0,0,0,0,1,0,0,0,0,1,0,-90.8889509707808,31.33932529656,180,133,42,6691,329,16,313,105,229,262,90,1557,162,84,17,451,301,361,449,0.722323387452149,0.849896103916325,6
"Chickasawhay Wildlife Management Area",0,0,0,0,0,0,0,0,0,0,0,0,0,0,1,0,0,0,0,1,0,0,0,0,0,0,0,0,0,0,0,0,0,0,0,0,0,0,0,0,0,0,0,0,0,1,0,0,0,0,0,0,-88.9505613020209,31.5421880914651,179,138,43,6666,332,16,316,107,228,263,91,1500,162,78,18,441,297,363,426,0.503473842800144,0.709558907209362,2
